,OMA Sum rate,Architecture Sum rate,Baseline Sum rate,Fixed NOMA Sum rate,Fixed NOMA Pairs,NOMA Pairs,Baseline NOMA Pairs,Fixed NOMA Outage
0,53.53631090165845,100.02588615969496,106.28379567980902,53.536310901658446,0,4,4,4
1,53.53631090165845,100.02588615969496,106.28379567980902,53.536310901658446,0,4,4,4
2,53.53631090165845,100.02588615969496,106.28379567980902,53.536310901658446,0,4,4,4
3,52.353670729027215,76.50204301549007,78.19286831125487,57.44429541077939,1,4,4,3
4,68.84513405495207,91.39570460307891,91.39570460307891,68.84513405495207,0,3,3,3
5,32.537666129535424,80.16887825944464,81.16887825944464,42.56605519748702,1,4,4,3
6,49.34068635423783,86.57532915300284,88.32004276338851,63.79627467861931,1,4,4,3
7,50.206667008109804,73.02057867669158,79.0299911531944,60.004816343327086,1,4,4,3
8,52.502359057846576,95.08526139149315,95.08526139149315,103.5535346105186,3,4,4,1
9,49.07895444949338,84.44734842335691,84.4473484233569,49.07895444949339,0,3,3,3
10,59.30752935272758,93.6306863567926,93.6306863567926,63.098741319547194,2,3,3,1
11,42.18717664799366,68.25544985209103,70.11029348859415,55.94784101065373,2,3,3,1
12,63.31496995758611,73.13011498915672,77.47316044895555,82.56945630198273,2,2,2,0
13,47.41719584295212,86.79542454526268,88.67050336349878,88.14833354153929,2,4,4,2
14,61.759110437487834,91.95341545566487,95.50304081815723,90.80069132186382,2,3,3,1
15,47.01514254329956,84.39136007732962,88.02328796181882,66.21550809477054,1,4,4,3
16,55.974864186293004,88.8641353967094,89.98506021545327,73.20136176070181,2,4,4,2
17,47.14036632782987,89.23265646463783,89.23265646463783,74.01246821747496,2,4,4,2
18,45.247450864358065,96.23556942554463,100.23556942554461,58.5793686734261,1,4,4,3
19,60.67333068932021,82.87016145304695,87.1423667095628,69.38418624973015,1,4,4,3
20,31.972332203688143,84.19506225577862,85.59542795578969,47.51101314531729,2,4,4,2
21,48.936328292305674,89.26768778655565,95.29844894026502,64.09756710720595,1,4,4,3
22,73.40511604784285,82.59674882476445,82.59674882476445,73.40511604784285,0,2,2,2
23,49.83068048455995,78.03644761991272,83.71064097262537,49.830680484559956,0,4,4,4
24,51.206716505859575,99.35587462434933,100.46832637120652,65.7879081211388,1,4,4,3
25,63.79534402997879,90.10566655745728,91.8012467774197,78.36188845397534,1,3,3,2
26,64.05752169626368,94.7515626406603,96.11544082131417,81.86566106751462,1,3,3,2
27,42.710672601057794,85.41172321029785,87.41172321029784,82.72014590455674,3,4,4,1
28,44.95762699854589,78.56807736889519,80.11003434788985,93.67974751516599,2,5,5,3
29,59.170112048145654,82.16877004715631,90.4620925519397,80.37376707460623,3,4,4,1
30,35.529300496028014,80.4576631945639,81.4576631945639,72.55337756108521,2,4,4,2
31,41.192738536022894,71.60460166299818,71.81003278604288,47.72923930801427,1,4,4,3
32,39.00554069386509,80.4596144060738,83.47101083435615,64.46220663955845,3,4,4,1
33,63.18836504566673,89.2369329231659,89.61547769559456,77.31668047910287,1,4,4,3
34,45.60305079599547,93.38572479546136,93.83499666725442,45.60305079599547,0,4,4,4
35,70.6379743249103,88.52039759818801,88.52039759818801,99.89031486564153,1,3,3,2
36,45.48774226040345,73.03105339308206,73.03105339308206,74.90399700551397,1,3,3,2
37,53.345042487484065,89.19339068958624,90.52206660271067,53.34504248748406,0,3,3,3
38,32.70472768846842,72.7663154967442,76.89238786556146,38.48965002336652,1,5,5,4
39,72.04498510912322,84.77502707445902,86.64045570304455,79.77406307619088,1,2,2,1
40,60.88283281562521,77.85880887611648,80.62017322559663,60.88283281562521,0,3,3,3
41,48.0938881041999,78.0780017224568,83.39439915840539,61.951671219223314,2,4,4,2
42,45.12067310611998,87.27030799760843,89.04568253888267,58.404007203730714,2,4,4,2
43,62.413625784673,82.21260621146965,84.9233237593485,112.29234936451812,2,4,4,2
44,83.36443737249364,108.45748100415685,108.45748100415683,83.36443737249364,0,2,2,2
45,73.22360038649656,95.19677926520136,96.70327247067235,82.5143959981048,1,3,3,2
46,35.39419129495704,75.20335311263213,76.87274848901035,46.748290506424475,2,4,4,2
47,72.45581033027945,94.57644538673493,94.57644538673493,79.069204598978,1,3,3,2
48,53.92645560015776,87.26009650698222,87.26009650698224,60.49680287164393,1,3,3,2
49,69.68379413255025,100.97813734509215,101.97813734509215,82.74848389244481,2,3,3,1
50,69.16329156313824,96.6209534533401,97.62095345334009,78.4210638175232,2,2,2,0
51,58.119009454173224,83.65365972945787,86.97992931315363,67.2733216763711,1,3,3,2
52,49.11753253738857,72.97438359990403,75.32514827137598,57.4419315542068,3,3,3,0
53,61.434497240528664,99.74964033370853,99.74964033370853,61.434497240528664,0,3,3,3
54,65.41608901834458,102.79848857655458,102.79848857655458,108.54303341600642,2,3,3,1
55,40.444590596596996,83.55231906627492,87.3587640099942,80.27760384329356,2,4,4,2
56,58.913901933865546,87.96181649662212,90.45644108100507,71.066704453856,1,3,3,2
57,71.7308486300018,95.4831753830795,98.29503538325821,71.7308486300018,0,3,3,3
58,92.43267305268861,102.54754194529508,104.08578413964031,101.43573427379687,1,3,3,2
59,29.08719504218447,76.50154765128175,86.68745718890929,69.34911747210253,2,5,5,3
60,56.64664765726168,96.82693775463521,98.97466663696038,73.517385683728,1,4,4,3
61,69.7750059006564,107.03576619564865,107.03576619564866,70.02439944044508,1,3,3,2
62,63.930745672175654,99.64611255885194,101.96738052484739,63.93074567217566,0,4,4,4
63,65.28981091066177,74.03046075867624,81.72913138376103,69.34671026329185,1,4,4,3
64,53.64148251526741,91.31692400821765,95.31692400821765,84.6376033789555,1,3,3,2
65,64.88916960721842,100.04122490098445,101.64454826997029,64.88916960721842,0,3,3,3
66,68.28183350121908,89.26699932405919,89.74230197721515,83.49600786641578,1,3,3,2
67,45.17378820079995,73.13853721127909,79.87993049604339,67.31139696449353,2,4,4,2
68,57.5350894139698,95.72482461122127,98.21370253588378,56.97675952305305,1,3,3,2
69,52.72087923518903,94.95586147528905,95.95586147528905,61.50871461925511,1,4,4,3
70,73.11145041198452,90.16837030026574,92.33773048180629,90.30549302847413,1,3,3,2
71,50.825258275747004,93.36782791008329,94.36782791008329,50.825258275747004,0,3,3,3
72,64.59467638105902,90.63994542985307,91.10404022750124,64.59467638105902,0,3,3,3
73,81.36754131710263,108.68854622210692,108.68854622210692,81.36754131710263,0,2,2,2
74,46.60960360767644,90.39008990413001,91.65745788394355,68.38262108121852,3,4,4,1
75,55.932857624391104,77.88969979369509,81.514266328671,61.39557721850029,1,3,3,2
76,51.01283276454203,90.22067323784614,92.15652660549371,89.07371988488823,2,4,4,2
77,74.37253001482422,104.35128584968649,104.35128584968649,104.00470338423499,1,3,3,2
78,44.00183224059957,87.95755276395403,88.95755276395403,63.50276330277591,2,4,4,2
79,62.250436728285095,84.67291922654451,89.85067977719184,75.27350040122981,1,3,3,2
80,43.08182114500488,73.39399197965176,80.60363324961332,55.48797776687204,2,4,4,2
81,71.16765934903862,99.0743206806464,101.59533619459864,71.45618874044463,1,4,4,3
82,51.46622823529809,93.99681557223673,95.99681557223673,51.4662282352981,0,4,4,4
83,60.911151141059314,94.28107474694403,94.28107474694403,90.625512424415,1,3,3,2
84,60.321168292597186,86.94527352809355,88.91379382919635,109.6226200388596,2,4,4,2
85,41.08886308021431,78.34900910400611,81.56576335392172,62.50537867985348,2,4,4,2
86,32.90591475421307,81.20042587913409,84.64510837641049,47.59013240163461,1,4,4,3
87,58.6337786398926,87.36780934484469,89.26364919933039,66.29657958930706,1,3,3,2
88,49.85051921037196,88.58955641570873,93.20472322507644,67.42436314487641,2,4,4,2
89,52.49587615897639,79.37804483491362,80.37804483491362,57.64482246506378,1,3,3,2
90,61.241760421306104,89.92462992182513,91.92462992182512,61.241760421306104,0,3,3,3
91,86.38836126180067,97.13873914042796,97.13873914042796,86.38836126180067,0,2,2,2
92,57.266458060765956,93.53481866560669,95.53481866560669,58.693060070815164,1,3,3,2
93,70.68347291155769,94.09479529177172,95.24686789232211,85.67081438790066,2,3,3,1
94,76.03138982056035,103.30867655390811,103.30867655390811,77.52723826881461,1,3,3,2
95,69.5458358546725,93.89054259884034,96.94600926827026,121.37793107017377,2,3,3,1
96,46.07094819236598,84.41228479798986,84.41228479798986,65.05750941500139,2,4,4,2
97,59.075870740046284,85.33510366061309,85.33510366061309,62.07561583120628,1,3,3,2
98,61.53686238830636,95.69781283958663,99.31197007011968,69.10674283442265,1,4,4,3
99,55.70885506868535,90.44176540526945,91.02190808074978,67.99026681516527,1,3,3,2
100,41.35384185870698,91.26500722582622,93.0013353560735,56.72485863615156,2,4,4,2
101,50.99074319173352,92.00401136046347,92.00401136046347,50.81105454480726,1,4,4,3
102,55.426956952196655,79.13152298403196,80.42599292987356,64.2662194276895,1,3,3,2
103,55.52499330137015,98.3558080083927,101.3558080083927,55.62647820175579,1,4,4,3
104,54.67994304577662,82.38114254266225,83.47045647513144,54.67994304577662,0,4,4,4
105,53.54991374021378,96.26383267719548,100.54459605078232,53.54991374021378,0,4,4,4
106,68.0065888511319,85.06095287437051,86.60439715328869,73.47908819914537,1,3,3,2
107,46.769323089746024,72.08447404951521,73.87616276589071,49.31277578311911,1,4,4,3
108,44.21443728100115,88.150464709658,90.48567314971396,44.21443728100115,0,4,4,4
109,55.649367969755644,82.06468561428963,88.41517121905284,67.40978520527378,1,4,4,3
110,39.17286065608465,65.98137573337961,71.27972858118994,39.17286065608465,0,4,4,4
111,55.82549879027324,92.59046692459957,92.59046692459955,75.93176233396896,2,3,3,1
112,63.44487131736713,82.85817229795713,83.49960957709733,69.95801605925348,1,3,3,2
113,40.68443853319854,72.31052412643035,74.95618560168997,52.17763486715535,1,4,4,3
114,100.54315091260212,105.48699385467152,107.41851350946321,110.69391050344557,1,2,2,1
115,55.86855644430739,92.83451779458697,94.08988659444326,58.809427943055255,1,4,4,3
116,96.35821584875168,97.61308768700808,97.61308768700808,96.35821584875168,0,1,1,1
117,45.13567781402523,91.6000768311699,95.25832594303371,75.6504545404745,1,4,4,3
118,67.14031432127804,85.55610642227904,86.38479195834488,67.14031432127804,0,3,3,3
119,39.14384706621545,75.45264796191245,81.7701162529033,39.14384706621545,0,4,4,4
120,25.891283043407654,81.24830974954786,82.24830974954786,39.01850249274592,1,4,4,3
121,46.69413860543417,87.57640679203274,89.90222029718349,78.59899915633882,2,4,4,2
122,59.53362738215983,86.23500955584424,87.23500955584424,64.00374036306762,1,4,4,3
123,92.96745908612127,109.52767205046806,109.52767205046807,92.67088732392558,1,2,2,1
124,42.6025378470448,78.97868935791399,82.21177859151494,92.44716858262353,3,4,4,1
125,66.0259868977724,86.03555920295811,88.78967832155053,74.97112580583519,1,4,4,3
126,82.95505985544347,94.16065028000781,94.80255285618301,82.95505985544347,0,2,2,2
127,69.74176431669662,94.96757291914533,94.96757291914533,100.50681093690186,1,3,3,2
128,48.324484909512435,77.35822792556569,77.35822792556569,48.324484909512435,0,3,3,3
129,72.51266835361866,96.80750205992608,97.80750205992608,76.22413166133836,2,3,3,1
130,68.70516482518158,94.86616133944274,94.86616133944275,100.49616916858278,2,3,3,1
131,80.01914121333535,96.36554489009664,96.36554489009664,79.89676568002355,1,2,2,1
132,67.22944446004286,100.19516372618882,100.19516372618882,67.22944446004286,0,3,3,3
133,50.744694342436055,84.63805241486442,87.16009780255871,52.25109640029717,1,4,4,3
134,67.32542483060071,106.82418822875148,106.82418822875147,67.32542483060071,0,3,3,3
135,32.84106781884669,75.9594764754988,77.64804871608973,49.561664323412444,3,4,4,1
136,54.039441666393486,75.25011516468504,75.36404088432954,60.18783431529653,1,3,3,2
137,35.294212373096485,74.0065173348161,77.36215326492385,46.184234516444015,2,5,5,3
138,67.34239497656664,99.01953484111158,99.01953484111158,72.55424971410218,1,3,3,2
139,47.93512067469466,74.6822224510861,80.25303227927373,77.59402445426211,3,4,4,1
140,39.87427240170912,83.98656711436604,84.69841596829986,42.87350036317421,1,4,4,3
141,51.05719557747277,83.29970368561854,84.4213599357266,61.87439662310914,2,4,4,2
142,52.14315993729389,97.38686311075753,99.54401909515173,65.63285161159902,2,4,4,2
143,55.978891967481445,76.54284225564827,78.54284225564828,91.65107307885799,2,3,3,1
144,31.587191486087356,71.92484994381138,74.25795398210735,32.3929027629595,1,5,5,4
145,67.7940308378897,88.45182354753686,89.23763247104498,74.13395941902809,2,3,3,1
146,67.29476773416793,99.74230220182628,99.74230220182628,67.29476773416793,0,3,3,3
147,46.31967691006423,89.76603418496083,90.733156199565,46.31967691006424,0,3,3,3
148,80.30838718937673,90.60567904805777,97.25417185459071,80.30838718937673,0,3,3,3
149,78.20155107039324,102.93055517508154,103.0921382243145,78.20155107039324,0,3,3,3
150,60.37830680969116,77.85417270660861,78.92221165819547,73.78091847671504,1,4,4,3
151,47.419047327804726,77.10598595579901,80.02019390886912,80.68981228497478,2,4,4,2
152,48.46891534969745,65.76527282357304,71.45457706656592,58.77831862866694,1,4,4,3
153,79.63973663996401,110.05020479790417,110.72267271526928,79.63973663996401,0,3,3,3
154,41.543116047248674,82.42893475957167,86.55603004436765,41.543116047248674,0,4,4,4
155,56.63526808738199,75.20482704692088,77.92952577514717,103.67321962675028,3,4,4,1
156,48.91598183870519,85.06449878952185,87.5777987668726,89.59986170645493,2,4,4,2
157,64.81426996497812,89.88734302076523,89.88734302076523,64.81426996497811,0,3,3,3
158,35.05318501111482,77.36788033963798,79.62518380463362,42.072244269187365,2,4,4,2
159,49.74377557328245,83.38663097725166,89.21732244686812,66.977426045264,2,4,4,2
160,46.06214148825198,91.50252182331819,95.41036324533141,52.23055196700641,1,4,4,3
161,43.537297525899675,74.8594526804813,78.84229914900826,54.758082638035205,1,4,4,3
162,71.71632322742681,100.39660457221802,100.39660457221802,71.6246291809685,1,2,2,1
163,72.00117103696161,99.64069291537822,99.64069291537822,73.80995181566449,1,3,3,2
164,50.17942081684035,81.74330498265078,83.11900053913945,63.57647685296527,1,4,4,3
165,45.38750168623739,85.49452091879832,87.04814759304114,54.64672443628216,1,4,4,3
166,59.56274521699945,78.28151774030621,82.11708926574276,59.562745216999446,0,3,3,3
167,45.26192810983631,84.19652344423875,87.29732920492458,99.34307569549111,3,4,4,1
168,50.13618829333561,77.56002944442277,79.84055738421878,50.13618829333559,0,4,4,4
169,70.63533578665488,73.22792735818854,76.12054356575968,70.63533578665488,0,2,2,2
170,55.27586180063868,94.84303143519281,102.94231677267656,84.33133353406458,1,4,4,3
171,88.34826302277014,108.34391270874593,109.9712391447565,88.34826302277013,0,3,3,3
172,75.979809756257,104.58823987435372,104.58823987435372,75.79203516351276,1,2,2,1
173,47.86296973162597,67.99523730873993,73.21954543421435,68.00593906014475,2,3,3,1
174,50.97441003854572,84.26311536522319,85.33983253131461,60.84836325927323,1,4,4,3
175,56.53815491043231,67.3822099118235,72.19307533176962,76.28015821060836,2,3,3,1
176,63.50957222321757,86.36722259950655,90.58299711090922,77.26328916136104,1,4,4,3
177,35.45160056276424,83.00570124025774,88.03613413409333,67.97938305012191,2,5,5,3
178,58.24894665228968,75.81727757780665,75.81727757780665,58.248946652289675,0,2,2,2
179,37.76527026766928,84.92368647441242,85.66808581314936,49.657882664206454,3,4,4,1
180,51.64935236797849,86.17833676076702,87.73849620644043,51.649352367978494,0,4,4,4
181,43.79638343287535,80.22944983153614,83.85413566459776,90.93543473451378,4,4,4,0
182,37.56373655741714,90.66712339207916,91.23206718150844,57.24505138530347,3,4,4,1
183,77.67924256849345,91.54694239218341,95.44412314177633,108.78202092137361,2,3,3,1
184,44.908493379321925,73.34469284694968,74.04407834912719,52.93152125016854,1,4,4,3
185,82.7922596348761,98.59183017645864,100.34613622050023,87.87944615680861,1,3,3,2
186,53.55130628341758,86.71964952251133,89.35345222684424,53.55130628341758,0,4,4,4
187,74.25194801171962,92.92266747118039,93.0931283508821,88.90226641122823,1,3,3,2
188,30.12529357562867,83.16535883366929,83.16535883366929,44.05484638571734,1,4,4,3
189,52.701343741177425,87.85507309571156,92.849548056225,76.98684479347205,2,4,4,2
190,39.795958045728696,89.8285609214921,94.899119874691,52.93474718923077,1,4,4,3
191,44.55008435403082,77.92510720561678,79.80709241483696,53.58971316894495,1,3,3,2
192,87.85390513099371,95.2685528283211,96.12953107598216,91.33945245728998,1,2,2,1
193,44.42775711125532,88.91669677234356,93.7514786555999,66.2955533467693,2,4,4,2
194,52.997028980651464,93.95562194908338,96.23755745619202,54.743612075252855,1,4,4,3
195,79.62641050070737,93.13617934941047,93.13617934941047,79.62641050070737,0,2,2,2
196,59.96716744209924,75.44299892358403,77.29603254785235,65.63459357305628,1,3,3,2
197,35.40338351287845,78.36264521245107,80.05887021072867,60.467349628546465,2,4,4,2
198,46.578693953405,93.33947639903914,95.7428643492166,46.578693953405,0,4,4,4
199,57.707003278270584,78.7629962243602,78.7629962243602,57.70700327827059,0,2,2,2
200,96.16104287202188,105.27409369664937,105.27409369664937,96.16104287202187,0,1,1,1
201,52.763900361855974,91.76973821143137,96.8778262861816,65.86068782919436,1,4,4,3
202,39.95943320124926,77.48768181535928,79.97402572706986,53.66379171030689,1,4,4,3
203,68.9114972048343,88.99847605034239,92.9045314829275,86.67876323056169,1,4,4,3
204,59.750614496444946,76.52985915567066,80.84362111817036,59.75061449644495,0,3,3,3
205,58.20478189313104,92.24155280398014,95.32146098170487,60.20726259609606,1,4,4,3
206,51.466512169970194,98.75752981745956,100.20002710272229,75.38147277052683,2,4,4,2
207,43.59923924938216,76.78423027121505,80.09177842808751,68.48778928266896,3,4,4,1
208,67.77528317842625,91.09174418394176,91.09174418394176,67.90948031871548,1,2,2,1
209,59.45644506673788,94.79207469093501,97.5122820384407,59.45644506673788,0,3,3,3
210,69.56308323634167,103.5825533906849,103.5825533906849,69.56308323634167,0,3,3,3
211,63.451790885575434,96.11971024430767,105.0548434526873,91.12323628339945,2,4,4,2
212,72.55329163939014,99.50757643696903,99.50757643696903,72.55329163939012,0,3,3,3
213,37.15824831321855,70.62616329517344,74.62616329517344,37.15824831321855,0,4,4,4
214,49.65882101236035,79.33703573789411,82.38698602595042,49.65882101236035,0,4,4,4
215,47.99836109442017,87.05218396180497,89.79949651951603,61.89256222661929,1,4,4,3
216,65.10870728731315,86.27918835571941,90.29058705323305,74.9630487642086,1,4,4,3
217,55.32252128470839,73.10835483283458,76.09093742089678,67.10686123899123,1,3,3,2
218,80.06385639458124,94.56265459551906,94.56265459551906,80.06385639458124,0,1,1,1
219,41.87506608629483,75.5666200049676,77.6479368913729,46.99077160402602,1,4,4,3
220,59.221688446709166,75.54641105685982,78.91318348386642,67.11219838915174,1,3,3,2
221,35.3184788498501,81.52756215121545,82.7860582816549,38.17657758142362,1,4,4,3
222,53.88758840038729,86.35358234519202,88.774506213151,69.83784279362251,2,4,4,2
223,48.14836273395436,84.54481842604235,84.54481842604235,48.10896728549446,1,3,3,2
224,43.40745139255311,84.24686804859999,84.24686804859999,56.812611645738485,1,4,4,3
225,52.604300245694475,83.4768294489717,87.4281821909974,67.31997860003979,1,4,4,3
226,49.14214344036141,88.78240560186244,90.18985126328164,50.40235499489788,1,4,4,3
227,44.832342681795225,90.51451545411598,91.48386430117895,53.99004932253939,1,4,4,3
228,59.94950752990468,93.97206428124841,95.92472209102272,71.02392259544918,2,4,4,2
229,56.358342706786125,99.23617786882944,100.23617786882944,70.48838382369267,1,3,3,2
230,51.137104206221345,91.53546034218822,94.46452665985102,75.34739645175075,2,4,4,2
231,58.486859716047164,89.2317591158339,91.6829764375806,72.27792995740565,2,4,4,2
232,57.241106068690215,97.07413321238326,98.25399574968722,63.81911517454299,1,3,3,2
233,56.76564374362135,79.35223071644619,80.71962071191956,62.81217944617114,1,3,3,2
234,68.34753604283163,82.3008211143043,85.0761551975711,68.34753604283163,0,4,4,4
235,65.12666170131389,77.66627040179674,80.27846218650348,65.12666170131389,0,3,3,3
236,68.9591469829736,86.45499253879356,90.18727253296967,84.28656473095951,2,3,3,1
237,72.90438912114358,90.32377739183636,94.93448613928271,95.64783293018522,1,4,4,3
238,46.85486093401106,72.31432658604712,76.95219039984546,57.91761029268311,2,4,4,2
239,65.76660808440108,102.1767100240222,102.84121383988293,82.0826665406244,1,3,3,2
240,83.78646051956535,98.97413235882777,99.17631661912924,98.33826164384686,1,2,2,1
241,43.669696222676414,90.1731081491279,90.1731081491279,69.21917879472102,3,4,4,1
242,48.91323897694596,94.03809236761452,94.03809236761452,51.06697846727359,1,4,4,3
243,49.066930204098014,80.67804706361449,82.77121189904534,62.53018081824901,1,3,3,2
244,36.93567091894713,76.38729415985284,78.38729415985284,67.98532775444808,2,4,4,2
245,56.03815855664294,89.25097329863465,91.17186324198643,70.01916619048963,1,4,4,3
246,61.35012720942241,95.07379515700919,95.26043377329557,61.35012720942242,0,3,3,3
247,40.92678507533786,86.13107240772737,88.13107240772737,77.02143397496503,2,4,4,2
248,58.09814466676745,86.02908064166503,91.11941237928124,75.79977289643874,1,4,4,3
249,57.71218824757257,87.52658713210461,87.52658713210461,57.71218824757257,0,4,4,4
250,70.64857598809688,103.64709301639762,105.64709301639763,114.05164755262969,3,3,3,0
251,48.278578497872225,98.987763192659,101.94547783479237,48.27857849787223,0,4,4,4
252,59.00511433654325,79.6603982727046,80.12747481256636,72.24216260902995,1,4,4,3
253,52.49785419539385,96.42050460423283,97.04525080528263,52.49785419539385,0,4,4,4
254,71.93445335469765,106.69323695856902,106.693236958569,86.9337688881493,1,3,3,2
255,54.500386334815666,85.46869157395484,86.85620405924348,55.02485006336647,1,4,4,3
256,54.177813796037725,84.9352167036425,88.91719536471979,73.33306244620549,2,3,3,1
257,59.64010511892813,91.3263446648886,98.51842597387964,97.09634690658629,2,4,4,2
258,50.24631030426882,84.79798022149023,84.79798022149023,51.20241929735495,1,4,4,3
259,81.9659468762171,92.02982997546168,94.03035933990847,89.57980470039679,2,2,2,0
260,45.267950895795174,63.92613401897579,70.10289011661726,56.41483600123855,1,4,4,3
261,66.57706752334538,83.19865452738699,87.00722315110418,66.08897116072791,1,3,3,2
262,46.66323193982867,79.42332791629174,86.12094537184058,57.66051131454632,1,5,5,4
263,32.19771414359607,74.83800967868807,76.5120193548004,47.145585450235345,1,4,4,3
264,46.0997566118233,66.22638049455023,67.91181588795232,67.6789669698081,2,4,4,2
265,67.3753245981776,94.80844098409845,95.54241049223518,67.3753245981776,0,3,3,3
266,26.461417103963544,85.66129047517178,88.09582536219186,74.87013762622945,4,5,5,1
267,93.3357482604076,98.54807125153756,98.54807125153756,93.33574826040758,0,1,1,1
268,39.39520084047797,74.29655257572692,81.30288047616096,68.61224500357602,2,4,4,2
269,56.123338553236955,80.98161955448211,83.87701930867233,69.17245926696968,2,4,4,2
270,26.06699421507631,78.19489803952752,81.72134921306119,28.860405528532034,1,5,5,4
271,44.6749859720517,77.94849008238086,81.50623883748355,44.6749859720517,0,3,3,3
272,59.71528648897218,85.07440140980246,85.07440140980246,59.71528648897219,0,4,4,4
273,39.694828742587546,75.34866384266853,78.75060836913372,48.98885360423212,1,4,4,3
274,70.52179425946433,98.05465420023188,100.12090754641562,84.2595900280569,1,3,3,2
275,63.0582457343569,88.67478345476513,89.95255810269717,68.53647199449281,1,3,3,2
276,37.05458708492613,75.68009243799703,81.45113453454132,95.05523691017862,3,5,5,2
277,39.67823949377912,74.46884971278429,79.41369502182758,76.7218972394308,4,5,5,1
278,61.288115636024884,88.44742889802295,93.92463882732258,92.72285549419249,3,4,4,1
279,33.43211545093365,82.02934945984211,83.40348962060293,71.77202507730567,2,5,5,3
280,38.599484906331085,94.24010514206887,94.24010514206887,45.163108526471056,2,4,4,2
281,49.9940733550744,77.63835727278952,79.12011614575705,59.82865383027647,1,4,4,3
282,72.39809157677223,95.24252422293051,98.5367795472069,81.01576370355873,1,3,3,2
283,47.27707231869852,80.88153072543345,84.67417723459847,52.4763050809963,1,4,4,3
284,49.96573813340799,82.00437511276446,82.74898564904338,49.96573813340799,0,3,3,3
285,58.1778825837722,92.9127314612711,96.9503416470081,58.1778825837722,0,4,4,4
286,52.52056711700923,87.03713669070848,90.24522422366472,74.3689745185395,3,4,4,1
287,39.13575905923804,78.42760114192096,80.76580352092641,47.16202898792898,1,4,4,3
288,37.98550247625696,83.1558972587776,85.1558972587776,37.985502476256954,0,4,4,4
289,27.56885798580026,65.36338905205898,69.36338905205898,40.653353453223545,2,5,5,3
290,37.09546439648466,93.8461354089161,95.60520063057957,52.08174484528663,1,4,4,3
291,78.54497204876421,107.94673799953567,107.94673799953566,79.95717926118445,1,2,2,1
292,49.40923362735208,82.10001545613197,84.73386067540147,64.25828449283347,1,3,3,2
293,57.469356261329104,80.03008114096353,80.03008114096353,60.14092491515627,1,3,3,2
294,51.0602457532265,92.8949251048214,92.8949251048214,66.39473661076627,2,3,3,1
295,66.55524111081657,87.09657473442674,88.6077040544316,105.79849827825834,2,3,3,1
296,67.96472804773353,87.03442083716747,89.49174566164919,67.96472804773353,0,3,3,3
297,40.024474009939176,71.62062539054976,77.41324285719776,51.49423128221903,1,4,4,3
298,72.07082591995129,109.84881665275128,109.84881665275128,72.07082591995128,0,3,3,3
299,28.312781394688656,79.25088408102056,80.72947244388808,48.18995652197395,3,4,4,1
300,47.02930808283439,81.04473469005978,84.35741232578657,73.4681309341789,2,4,4,2
301,43.16680285739601,67.91945230751509,71.64811210267013,81.87498698822722,2,3,3,1
302,94.8340833269028,105.52965088552497,106.38873086235571,94.8340833269028,0,2,2,2
303,72.60543301488934,100.37214876465725,100.44536032220485,93.51014608066662,1,3,3,2
304,32.52726980562303,73.3676385923587,73.3676385923587,77.567511153704,2,3,3,1
305,61.01623463705829,95.35071291345301,95.35071291345301,91.69417013914914,1,4,4,3
306,38.118802471071824,97.0460671614977,98.5214186479668,67.9100555229166,2,5,5,3
307,76.50455757436131,99.17230425917101,102.13287791803226,85.70239656873983,1,3,3,2
308,51.84460369865002,85.58570858867822,89.73343627467645,55.138516898113224,1,4,4,3
309,67.44078082296406,92.46640574025217,92.46640574025217,69.48778333306086,1,2,2,1
310,41.192392843080285,67.87686969271422,67.87686969271422,41.192392843080285,0,4,4,4
311,46.37339752264255,77.0153638392893,83.38265415861062,67.43359467378838,2,5,5,3
312,56.431239597044225,91.18990113212033,91.18990113212033,56.43123959704423,0,3,3,3
313,25.724533730296766,73.30622922872334,74.30622922872334,73.43882022025667,3,5,5,2
314,58.505683500162014,83.39716987218637,83.39716987218637,58.50568350016201,0,3,3,3
315,61.6832112626937,89.86854006663359,89.86854006663359,68.6703371710972,1,3,3,2
316,77.92603910289992,97.81834418838122,99.70021543370572,77.92603910289992,0,3,3,3
317,58.22067234495543,96.03249552537304,96.03249552537304,73.21552436545836,1,3,3,2
318,42.24068198784809,70.04807656668567,76.30925374334157,53.017266759032665,2,4,4,2
319,61.45691781473696,104.67595397487798,104.67595397487798,97.83382982655795,2,3,3,1
320,27.67222974474869,77.62467654646468,80.17278846914427,40.387332201845624,3,4,4,1
321,33.01572433822072,82.125602505012,85.56676220633793,51.38437600169934,2,5,5,3
322,62.78994519851219,75.89771352921242,75.89771352921242,62.78994519851219,0,3,3,3
323,55.900595862124895,85.03679425722234,87.03679425722234,58.41903451586858,1,3,3,2
324,96.7669310414128,112.89643326892649,112.89643326892649,96.87558203266694,1,2,2,1
325,53.351493648028814,88.56924119256708,89.99482677350905,119.46462075492097,3,4,4,1
326,29.19350554021051,75.74562700840494,76.92189911117569,36.621571950251116,2,4,4,2
327,58.83899102255104,95.78178072521308,95.78178072521308,58.83899102255105,0,4,4,4
328,61.43377724995434,80.67346709263764,80.67346709263764,61.43377724995434,0,3,3,3
329,76.59170670686038,111.23508237901775,111.23508237901775,76.59170670686038,0,3,3,3
330,21.771434617035887,83.67328853484473,83.67328853484473,89.55080337319107,3,4,4,1
331,55.27726468225352,73.63014345903045,81.0617840449847,102.13584246862135,2,4,4,2
332,65.26717759200183,105.60818179973882,105.60818179973883,78.31609297258066,1,4,4,3
333,72.06514930309946,88.05202809566512,88.05202809566512,71.91883117435432,1,3,3,2
334,46.078393760417754,68.17317570415581,71.31424897590266,52.12205370307919,2,4,4,2
335,63.447887647638694,92.52324097536662,94.60601017915664,63.44788764763869,0,3,3,3
336,75.7078088593929,92.31632482972786,95.88435946790611,75.7078088593929,0,3,3,3
337,63.58120970640489,101.23439469641312,101.23439469641312,63.7525741414601,1,3,3,2
338,59.288040979518414,91.78634750896902,92.99884979451754,71.66711138174959,1,3,3,2
339,38.81668717517022,86.69998351839033,87.69998351839033,47.27583801669968,2,4,4,2
340,48.047225846245134,97.02370709028887,99.69398458036581,54.81177376829001,1,4,4,3
341,40.36742859200248,71.8404596953593,76.2723857965363,65.94011365501096,2,5,5,3
342,42.81798902528212,71.58048824099635,71.83030838009422,42.81798902528211,0,3,3,3
343,59.91404688210718,95.18877403686037,98.1412711657628,59.91404688210718,0,4,4,4
344,37.83908623179673,84.06092623171446,84.35010798339073,44.828784563771734,1,4,4,3
345,55.94984040569811,97.33282240817181,99.18187947431522,71.4711600339977,2,4,4,2
346,64.94694095733816,94.93993735251769,94.93993735251769,75.83412721927394,2,4,4,2
347,61.15280151878725,90.97509901946263,90.97509901946263,61.15280151878725,0,3,3,3
348,32.726705792158256,84.592383032052,86.48055219779764,62.88763598411013,3,4,4,1
349,65.42672183025499,86.15097321906237,87.24121338822974,70.0663396979993,1,3,3,2
350,65.98339918095726,84.08280299558626,86.39595252384855,71.96340698090117,1,3,3,2
351,61.77295991135984,85.07424929768435,88.18516720082764,61.77295991135984,0,4,4,4
352,41.43035864592426,62.401834375986724,63.6726676052454,46.16096911895045,1,4,4,3
353,51.25542416997857,77.65805877909112,83.47529838673039,63.09262179956368,1,4,4,3
354,55.45005512606695,78.3690674725,82.81236195384199,65.23183756571305,2,4,4,2
355,74.7445483273918,99.60931828057916,100.68808211871456,74.7445483273918,0,4,4,4
356,69.15557213371326,93.11574374017755,94.82239317070034,93.31998628053726,2,3,3,1
357,55.524048263300074,87.45148150243575,87.45148150243574,60.97357474386551,1,4,4,3
358,44.99651181767114,80.20669456477418,81.20669456477418,79.8552905192904,2,3,3,1
359,55.64700402364202,91.42552464669693,93.73555507570941,55.64700402364202,0,4,4,4
360,45.72102008049365,79.50763829511067,81.18595256215738,53.5356501360549,1,4,4,3
361,40.18497370016897,62.75469320818194,71.09405165683151,40.18497370016897,0,4,4,4
362,43.92919958603551,95.13899764940416,95.13899764940416,52.70352563641119,2,3,3,1
363,73.75348690704386,88.83112046861015,94.97897384975555,93.56203190149468,2,3,3,1
364,49.47714619852286,82.37680057640536,84.4743061011291,54.57941990688428,1,4,4,3
365,63.89115442103943,99.08474871186505,102.04038038860102,94.28603384770963,1,3,3,2
366,59.27173117128199,82.97145915393014,84.14338693523416,79.64108753071594,1,4,4,3
367,61.269845531995344,81.66458601395604,83.9166895474454,65.17277777350093,1,3,3,2
368,47.15539017176529,90.1934334298841,92.04290294196628,83.75268433909443,2,4,4,2
369,46.13545589470625,81.64872447175091,84.93321656272462,46.13545589470624,0,5,5,5
370,47.14479502183276,90.03124273275249,90.03124273275249,106.93263382960345,2,3,3,1
371,90.88548583386262,106.32228033973198,107.37688459277139,102.86170050302302,1,2,2,1
372,31.7567214811075,60.29664761683877,66.1967287032697,38.75011092672633,1,5,5,4
373,76.66141196424847,97.46048580754923,98.60456916060315,90.20956758240538,1,3,3,2
374,39.242429400740036,74.5244689511759,78.98158990170622,39.242429400740036,0,4,4,4
375,63.889951135277144,89.10802358124585,92.16787356876915,75.16069411706948,1,3,3,2
376,66.32431869315579,91.19240629373135,91.19240629373135,66.3243186931558,0,2,2,2
377,46.65358500102562,84.7547613372794,87.06436185248789,55.7769148749678,1,4,4,3
378,63.479803875560776,93.73419671509043,98.1199402344473,115.27283122182558,3,4,4,1
379,48.34063991104966,76.21902754257434,80.85573377460997,77.36403697023698,1,4,4,3
380,45.31637409703844,77.92300065125855,78.51343250999079,55.671699436173114,1,4,4,3
381,28.809933308637348,83.3165275814758,85.18740210646384,38.634996331300606,1,4,4,3
382,74.52400881599955,91.76307708819961,91.76307708819961,74.52400881599957,0,3,3,3
383,69.85422869865214,96.78832364684023,96.78832364684024,76.45634741408492,1,2,2,1
384,95.4103699477151,103.82753340718492,103.82753340718492,95.41036994771507,0,2,2,2
385,57.358049784451225,99.86761708008825,101.45267534033727,70.43676074440941,1,4,4,3
386,40.49606701617256,69.16667016140337,71.23306429593123,63.24912990723297,2,4,4,2
387,29.512792661094107,88.65016331765263,91.881995595647,43.7951684160848,1,5,5,4
388,61.89912651872946,81.09285725216826,83.57392919386686,80.82063926908816,1,4,4,3
389,71.55096183910342,97.93696006268115,97.93696006268115,77.5467803623172,1,3,3,2
390,34.181845809056064,63.79180619189374,68.4346312911061,67.34802740962891,3,4,4,1
391,52.73071902600719,79.01176712736634,79.93404355409635,82.97862551844702,1,3,3,2
392,41.758304999077154,86.20123542564619,86.2012354256462,44.10086355352676,2,4,4,2
393,71.32660620918747,87.87236273117637,88.87236273117637,74.13582959274595,1,3,3,2
394,70.84182547080366,103.64697299042953,103.79524720266588,100.10985620498332,1,3,3,2
395,32.6844718828597,63.741171159645184,63.741171159645184,70.4923496688236,2,3,3,1
396,53.53547180093983,80.49799789288548,83.09905616423873,53.53547180093984,0,4,4,4
397,67.29575469946683,92.77119975642702,97.59614937013606,67.29575469946683,0,3,3,3
398,55.87769452733443,77.99311614131844,79.97238902471017,64.76324163103914,1,4,4,3
399,52.716542333102794,95.66781636517854,97.68471599158688,64.10159769881209,1,4,4,3
400,54.80065909627118,75.44328626115859,77.44328626115859,54.41119356270849,1,3,3,2
401,65.7923835235103,105.12539255433269,105.12539255433268,78.93829369022029,1,3,3,2
402,69.88324707482803,100.14532901521147,101.11820438323618,100.79364027797675,1,3,3,2
403,52.388588319346944,83.97360899597226,87.64807352440226,52.38858831934694,0,4,4,4
404,60.268968307766755,101.15110056427355,102.97390296066685,84.15288556252302,2,4,4,2
405,52.58232062922379,82.85889780460934,84.85889780460934,57.92361044342503,1,3,3,2
406,53.528014353369144,77.698388741197,80.77623046561779,63.143204873105944,1,4,4,3
407,55.033504123519144,62.15061795948557,62.15061795948558,54.41811602281133,1,3,3,2
408,45.82088908316179,79.62831158205582,83.88065117729826,54.87371186335761,1,4,4,3
409,88.11413154878298,103.35010889387809,103.35010889387809,88.11413154878296,0,2,2,2
410,59.761264672439026,77.12071574595957,77.12071574595959,59.761264672439026,0,3,3,3
411,60.7231098747347,81.51933056441554,83.1930090941727,63.639066059384554,1,2,2,1
412,52.21780379795407,87.40194481461299,88.85971921189362,93.99623714763023,3,4,4,1
413,67.5420101036867,95.5376399112807,97.5376399112807,70.278130793362,1,3,3,2
414,57.5345640338771,91.5481325404198,94.12521916263898,71.26098313519165,1,4,4,3
415,67.15650913461428,101.12140347296075,101.12140347296076,67.15650913461428,0,4,4,4
416,53.520551468733665,95.93260103407589,95.9326010340759,82.5587679729898,1,4,4,3
417,52.6132155036977,72.3451944401868,78.19705639333719,52.6132155036977,0,4,4,4
418,55.63956553326184,106.18136067343819,106.18136067343819,56.31106527182372,1,3,3,2
419,44.70860071020423,72.18012907051099,77.0125263138207,64.76259136748506,2,4,4,2
420,27.540376310951675,62.343681076740225,65.71834761172451,54.291882590893074,4,5,5,1
421,62.65972363996988,83.95267043721844,88.73824627839912,86.67848344526575,2,4,4,2
422,46.25650717893489,91.64445133652642,93.18155533271423,84.6865700982512,3,4,4,1
423,51.10313016515802,85.2788769933024,86.62111285616525,80.9144219673918,2,4,4,2
424,61.009338827067396,92.95965633889764,92.95965633889764,103.73284290950454,2,3,3,1
425,53.396681448686294,88.15677992400478,91.41187847028394,54.80346320773429,1,4,4,3
426,78.20107696167163,97.02628258290706,99.96293427259342,78.20107696167163,0,3,3,3
427,53.00272965240409,78.25050582319541,81.33411589156782,92.70770347215606,2,4,4,2
428,55.930797610466755,102.05497351750098,102.14261030240917,70.31546889646161,1,4,4,3
429,66.81177776605057,84.06535024286038,90.11167341967894,66.81177776605057,0,3,3,3
430,47.49804456615837,70.8073742506227,75.51914087935236,74.01453162173536,3,4,4,1
431,31.670328338116594,80.98349584762943,83.81372680093536,41.61116917584194,2,4,4,2
432,37.499108051594476,83.70961164434806,83.70961164434806,60.57106166890038,3,4,4,1
433,73.06927758102458,99.61308856536169,99.61308856536169,78.4850620190911,1,2,2,1
434,55.65351187391813,77.1953791574392,82.22173829749472,65.13934967029769,1,4,4,3
435,39.083347500515984,85.95961554463227,89.8419260355582,51.8177358230414,2,4,4,2
436,40.189164472043224,74.46214973124405,79.46739610463557,52.12325469568787,1,4,4,3
437,85.80689897613871,98.23946227291327,101.92859884784639,85.80689897613871,0,2,2,2
438,46.629702531413706,83.23713273468658,86.13582295443382,76.92828570211043,1,4,4,3
439,93.86185797605914,101.11742476641952,101.90105048002155,108.03695102861289,1,2,2,1
440,49.58588364084837,95.62734941542476,96.66850384687577,49.00532216034972,1,4,4,3
441,64.31083113827755,87.59184938709014,94.37284391965373,83.05646342172685,2,4,4,2
442,35.27906174697292,68.1675310035688,78.2886792847744,89.58813220679895,5,5,5,0
443,49.3030580727368,85.39467319122372,88.22225232223151,71.11709085294765,2,4,4,2
444,82.566466520344,102.56010524995294,104.56010524995294,97.35884037096537,1,3,3,2
445,88.4094438941803,106.29910839915937,106.29910839915937,95.27876458745517,1,2,2,1
446,56.99055640941893,100.45665556178317,102.05281987904152,65.77228547113246,2,3,3,1
447,63.5773531923864,86.9961221840139,89.09347880526926,78.38604119127724,2,3,3,1
448,53.206356881841195,104.2502560450451,110.34879975900967,79.26572398812084,2,4,4,2
449,63.054283337746696,89.27756709502547,94.37086404003495,74.69751129199993,1,4,4,3
450,50.56611573297631,89.09205319379572,92.62520658721243,62.73835224227728,2,4,4,2
451,58.59969063605504,87.32677621468696,87.32677621468697,58.59969063605503,0,3,3,3
452,26.0,47.63553175827052,60.818741471688995,49.67290930238693,3,4,4,1
453,56.222400411549536,95.26347223952342,97.11426113103741,56.22240041154954,0,3,3,3
454,34.289580740250784,62.60789879324523,63.607898793245226,34.289580740250784,0,4,4,4
455,44.88508581157005,91.41188840403242,95.39400987072236,57.55400206130601,1,4,4,3
456,36.80839359712318,73.89722532921076,80.40239548081435,62.42305341835302,2,4,4,2
457,47.57897777717263,88.1404877181431,91.91315836796237,47.57897777717263,0,3,3,3
458,57.36459537568965,89.83050648611737,92.35473425868305,99.31454567380047,2,3,3,1
459,39.78839004312224,73.75105151766466,80.01191447314794,42.2250571316854,2,5,5,3
460,50.56612296671549,79.10909115117843,79.10909115117843,80.37687228484205,1,3,3,2
461,62.74587387072673,98.87174910165442,100.79756430418539,72.9611910111201,1,3,3,2
462,41.17392582164055,82.09113544227182,89.04706193364652,65.47487386421682,2,4,4,2
463,56.652341900936406,80.09874506691386,80.25896603222029,70.46177479144691,2,3,3,1
464,82.8695540490146,110.59828305604852,110.59828305604853,89.78665435009687,1,2,2,1
465,61.36684308845198,95.21830769645672,95.21830769645672,61.22778832815625,1,3,3,2
466,59.55738592151299,85.74793192218503,86.75096450764737,72.66429132341048,1,4,4,3
467,53.46917428431249,78.73499108661119,80.09627125694122,61.77856989860609,1,3,3,2
468,61.83990858182599,90.58172413478452,93.7769024437321,82.60446579320035,1,3,3,2
469,37.04874473477575,69.62381766999226,73.15347053974727,72.737743816754,2,4,4,2
470,50.600707839860505,94.28185992189796,98.14891389469821,67.68290122833845,2,4,4,2
471,37.51237113034135,87.54836304901812,88.54836304901812,120.2570197712527,4,4,4,0
472,62.23851451847487,99.50615413372843,99.50615413372843,62.08821729569561,1,3,3,2
473,45.5162923780211,85.26651961870931,90.611561331532,75.30281437596201,2,5,5,3
474,47.501033386712315,83.72611255567872,83.72611255567872,61.40043989044424,2,3,3,1
475,60.95333087387941,90.3201456473735,90.3201456473735,66.00563811014376,1,3,3,2
476,34.36091196871039,85.72112182672524,87.24145431462222,52.633242740910845,2,5,5,3
477,75.57026767629495,94.13046942353495,99.01084198259909,75.57026767629495,0,3,3,3
478,57.433042492708225,91.27918454977245,91.69370826228932,62.500453923346015,1,3,3,2
479,49.70337596028895,100.31078256388335,101.31078256388335,60.03565659704181,1,3,3,2
480,42.42712079457817,86.30481745712541,88.7775596075014,42.42712079457817,0,4,4,4
481,55.05640835044363,78.52187229519816,84.78787861833541,84.12175785851464,1,4,4,3
482,46.87712037329007,85.77994217854831,90.36740464890882,48.382908846243964,1,4,4,3
483,51.21650915702232,88.32673784453188,88.32673784453186,94.99141386429609,2,4,4,2
484,33.07906251474913,80.77218225862404,82.77218225862404,44.8337091190814,1,4,4,3
485,80.68809263887321,114.76730236141948,114.76730236141948,93.81491087079628,1,2,2,1
486,68.58715902603207,96.75622188437434,96.75622188437434,71.40892807556371,1,3,3,2
487,55.70159812161264,77.92602480404594,80.41210093098947,64.31136122686635,1,4,4,3
488,76.3080937185376,102.00662249369678,102.00662249369678,76.3080937185376,0,2,2,2
489,24.945826654716146,70.32314179503024,71.70041997676154,30.62225467704129,1,4,4,3
490,74.28954585316404,91.14844511129775,91.55751816320193,74.81089492846084,1,3,3,2
491,41.839381896109835,91.25435065562728,95.3140712393152,72.69349064674125,3,4,4,1
492,76.57815411706765,92.4798431663023,92.4798431663023,76.57730674378915,1,2,2,1
493,45.607205647150046,84.62777718454751,87.20910596244566,51.4466840263311,1,5,5,4
494,69.09931132497371,95.88338833506428,97.09237294259493,68.95731909379923,1,3,3,2
495,57.10670907777082,90.01332259492119,90.01332259492119,59.17133626347922,1,3,3,2
496,38.51906772351455,95.8486475683163,99.41944891614456,72.28567233941038,3,5,5,2
497,39.01009566087985,84.20414517821743,87.10243615187473,86.65243020494177,3,5,5,2
498,56.9691934901345,92.51288990680985,93.29670982837314,64.40221994226854,2,4,4,2
499,57.475756725691106,77.59546778395952,79.63781105068256,87.22128324511125,1,3,3,2
